{
  "source": "SWFI - Sovereign Wealth Fund Institute",
  "scraped_date": "2026-01-10",
  "family_offices": [
    {"rank": 1, "name": "Walton Enterprises LLC", "aum": 225000000000, "region": "North America", "country": "USA", "founding_family": "Walton (Walmart)", "city": "Bentonville, AR"},
    {"rank": 2, "name": "Cascade Investment", "aum": 170000000000, "region": "North America", "country": "USA", "founding_family": "Bill Gates", "city": "Kirkland, WA"},
    {"rank": 3, "name": "Pontegadea Inversiones", "aum": 115212159400, "region": "Europe", "country": "Spain", "founding_family": "Amancio Ortega (Zara)", "city": "A Coruña"},
    {"rank": 4, "name": "Bezos Expeditions", "aum": 107800000000, "region": "North America", "country": "USA", "founding_family": "Jeff Bezos (Amazon)", "city": "Seattle, WA"},
    {"rank": 5, "name": "Mousse Partners", "aum": 89000000000, "region": "North America", "country": "USA", "founding_family": "Arnault Family (LVMH)", "city": "New York, NY"},
    {"rank": 6, "name": "Ballmer Group", "aum": 85000000000, "region": "North America", "country": "USA", "founding_family": "Steve Ballmer (Microsoft)", "city": "Bellevue, WA"},
    {"rank": 7, "name": "Dubai Holding", "aum": 76224680000, "region": "Middle East", "country": "UAE", "founding_family": "Sheikh Mohammed bin Rashid Al Maktoum", "city": "Dubai"},
    {"rank": 8, "name": "Edizione", "aum": 69081467000, "region": "Europe", "country": "Italy", "founding_family": "Benetton Family", "city": "Treviso"},
    {"rank": 9, "name": "Waycrosse", "aum": 65200000000, "region": "North America", "country": "USA", "founding_family": "Mars Family (Mars Inc)", "city": "McLean, VA"},
    {"rank": 10, "name": "Fedesa", "aum": 55000000000, "region": "Europe", "country": "Spain", "founding_family": "Roig Family (Mercadona)", "city": "Valencia"},
    {"rank": 11, "name": "The Woodbridge Company", "aum": 50000000000, "region": "North America", "country": "Canada", "founding_family": "Thomson Family", "city": "Toronto"},
    {"rank": 12, "name": "DFO Management", "aum": 45000000000, "region": "North America", "country": "USA", "founding_family": "Dell Family", "city": "Austin, TX"},
    {"rank": 13, "name": "MSD Capital", "aum": 40000000000, "region": "North America", "country": "USA", "founding_family": "Michael Dell", "city": "New York, NY"},
    {"rank": 14, "name": "Soros Family Office", "aum": 35000000000, "region": "North America", "country": "USA", "founding_family": "George Soros", "city": "New York, NY"},
    {"rank": 15, "name": "Emerson Collective", "aum": 33000000000, "region": "North America", "country": "USA", "founding_family": "Laurene Powell Jobs", "city": "Palo Alto, CA"},
    {"rank": 16, "name": "KIRKBI A/S", "aum": 30000000000, "region": "Europe", "country": "Denmark", "founding_family": "Kirk Kristiansen (LEGO)", "city": "Billund"},
    {"rank": 17, "name": "Hartono Family Office", "aum": 28000000000, "region": "Asia", "country": "Indonesia", "founding_family": "Hartono Brothers", "city": "Jakarta"},
    {"rank": 18, "name": "Carl Bennet AB", "aum": 26000000000, "region": "Europe", "country": "Sweden", "founding_family": "Carl Bennet", "city": "Gothenburg"},
    {"rank": 19, "name": "Weybourne Group Ltd", "aum": 25000000000, "region": "Europe", "country": "UK", "founding_family": "Rausing Family (Tetra Pak)", "city": "London"},
    {"rank": 20, "name": "Indorama Capital Holdings", "aum": 24000000000, "region": "Asia", "country": "Thailand", "founding_family": "Lohia Family", "city": "Bangkok"},
    {"rank": 21, "name": "Crosby Advisors", "aum": 23000000000, "region": "North America", "country": "USA", "founding_family": "Crosby Family", "city": "Boston, MA"},
    {"rank": 22, "name": "Vulcan Inc", "aum": 22000000000, "region": "North America", "country": "USA", "founding_family": "Paul Allen Estate", "city": "Seattle, WA"},
    {"rank": 23, "name": "Delfin", "aum": 21000000000, "region": "Europe", "country": "Luxembourg", "founding_family": "Del Vecchio Family (Luxottica)", "city": "Luxembourg"},
    {"rank": 24, "name": "PremjiInvest", "aum": 20000000000, "region": "Asia", "country": "India", "founding_family": "Azim Premji (Wipro)", "city": "Bangalore"},
    {"rank": 25, "name": "Yoovidhya Family Office", "aum": 19000000000, "region": "Asia", "country": "Thailand", "founding_family": "Yoovidhya Family (Red Bull)", "city": "Bangkok"},
    {"rank": 26, "name": "Aqton", "aum": 18500000000, "region": "Europe", "country": "Germany", "founding_family": "Quandt Family (BMW)", "city": "Bad Homburg"},
    {"rank": 27, "name": "Fingerboard Family Office", "aum": 18000000000, "region": "North America", "country": "USA", "founding_family": "Undisclosed", "city": "Greenwich, CT"},
    {"rank": 28, "name": "Robert Wood Johnson Foundation", "aum": 17500000000, "region": "North America", "country": "USA", "founding_family": "Johnson Family (J&J)", "city": "Princeton, NJ"},
    {"rank": 29, "name": "Point72 Asset Management", "aum": 17000000000, "region": "North America", "country": "USA", "founding_family": "Steve Cohen", "city": "Stamford, CT"},
    {"rank": 30, "name": "Cercano Management", "aum": 16500000000, "region": "North America", "country": "USA", "founding_family": "Undisclosed", "city": "New York, NY"},
    {"rank": 31, "name": "Hillspire", "aum": 16000000000, "region": "North America", "country": "USA", "founding_family": "Eric Schmidt (Google)", "city": "Palo Alto, CA"},
    {"rank": 32, "name": "Elysium Management", "aum": 15500000000, "region": "North America", "country": "USA", "founding_family": "Undisclosed", "city": "New York, NY"},
    {"rank": 33, "name": "The Grosvenor Estate", "aum": 15000000000, "region": "Europe", "country": "UK", "founding_family": "Duke of Westminster", "city": "London"},
    {"rank": 34, "name": "Sunrise Capital Management", "aum": 14500000000, "region": "Asia", "country": "Hong Kong", "founding_family": "Undisclosed", "city": "Hong Kong"},
    {"rank": 35, "name": "Invus Group", "aum": 14000000000, "region": "North America", "country": "USA", "founding_family": "Haas Family", "city": "New York, NY"},
    {"rank": 36, "name": "Concord Management LLC", "aum": 13500000000, "region": "North America", "country": "USA", "founding_family": "Undisclosed", "city": "Boston, MA"},
    {"rank": 37, "name": "Foundation Asset Management AB", "aum": 13000000000, "region": "Europe", "country": "Sweden", "founding_family": "Wallenberg Family", "city": "Stockholm"},
    {"rank": 38, "name": "Holding Franz Haniel & Cie", "aum": 12500000000, "region": "Europe", "country": "Germany", "founding_family": "Haniel Family", "city": "Duisburg"},
    {"rank": 39, "name": "Tresalia Capital", "aum": 12000000000, "region": "Latin America", "country": "Mexico", "founding_family": "Azcárraga Family", "city": "Mexico City"},
    {"rank": 40, "name": "Brasil Warrant Gestao de Investimentos", "aum": 11500000000, "region": "Latin America", "country": "Brazil", "founding_family": "Moreira Salles Family", "city": "São Paulo"},
    {"rank": 41, "name": "The Gores Trust", "aum": 11000000000, "region": "North America", "country": "USA", "founding_family": "Alec Gores", "city": "Beverly Hills, CA"},
    {"rank": 42, "name": "Nicrone", "aum": 10500000000, "region": "Europe", "country": "Italy", "founding_family": "Rocca Family", "city": "Milan"},
    {"rank": 43, "name": "HPC Germany", "aum": 10000000000, "region": "Europe", "country": "Germany", "founding_family": "Porsche Family", "city": "Stuttgart"},
    {"rank": 44, "name": "Council Ring Capital", "aum": 9500000000, "region": "North America", "country": "USA", "founding_family": "Undisclosed", "city": "Chicago, IL"},
    {"rank": 45, "name": "Seven Valleys LLC", "aum": 9000000000, "region": "North America", "country": "USA", "founding_family": "Undisclosed", "city": "New York, NY"},
    {"rank": 46, "name": "HRS Management", "aum": 8500000000, "region": "North America", "country": "USA", "founding_family": "Undisclosed", "city": "Dallas, TX"},
    {"rank": 47, "name": "Wildcat Capital Management", "aum": 8000000000, "region": "North America", "country": "USA", "founding_family": "Levy Family", "city": "San Francisco, CA"},
    {"rank": 48, "name": "Pritzker Vlock Family Office", "aum": 7500000000, "region": "North America", "country": "USA", "founding_family": "Pritzker Family (Hyatt)", "city": "Chicago, IL"},
    {"rank": 49, "name": "Willoughby Capital", "aum": 7000000000, "region": "North America", "country": "USA", "founding_family": "Ross Perot Jr.", "city": "Dallas, TX"},
    {"rank": 50, "name": "Kinnevik", "aum": 6500000000, "region": "Europe", "country": "Sweden", "founding_family": "Stenbeck Family", "city": "Stockholm"},
    {"rank": 51, "name": "Bregal Holdings", "aum": 6000000000, "region": "Europe", "country": "Switzerland", "founding_family": "Brenninkmeijer Family (C&A)", "city": "Zug"},
    {"rank": 52, "name": "Builders Vision", "aum": 5800000000, "region": "North America", "country": "USA", "founding_family": "Lukas Walton", "city": "Chicago, IL"},
    {"rank": 53, "name": "Selfinvest Family Office", "aum": 5600000000, "region": "Europe", "country": "Belgium", "founding_family": "Undisclosed", "city": "Brussels"},
    {"rank": 54, "name": "McNair Interests", "aum": 5400000000, "region": "North America", "country": "USA", "founding_family": "McNair Family (Houston Texans)", "city": "Houston, TX"},
    {"rank": 55, "name": "Flick Privatstiftung", "aum": 5200000000, "region": "Europe", "country": "Austria", "founding_family": "Flick Family", "city": "Vienna"},
    {"rank": 56, "name": "Lightchain", "aum": 5000000000, "region": "North America", "country": "USA", "founding_family": "Undisclosed", "city": "Miami, FL"},
    {"rank": 57, "name": "Cherng Family Trust Office", "aum": 4800000000, "region": "North America", "country": "USA", "founding_family": "Cherng Family (Panda Express)", "city": "Rosemead, CA"},
    {"rank": 58, "name": "10100 Fund", "aum": 4600000000, "region": "North America", "country": "USA", "founding_family": "Marc Benioff (Salesforce)", "city": "San Francisco, CA"},
    {"rank": 59, "name": "AT Capital Group", "aum": 4400000000, "region": "Asia", "country": "Bangladesh", "founding_family": "Undisclosed", "city": "Dhaka"},
    {"rank": 60, "name": "Jefferson River Capital", "aum": 4200000000, "region": "North America", "country": "USA", "founding_family": "Undisclosed", "city": "New York, NY"},
    {"rank": 61, "name": "Portland House Group", "aum": 4000000000, "region": "Australia and Pacific", "country": "Australia", "founding_family": "Undisclosed", "city": "Sydney"},
    {"rank": 62, "name": "Verlinvest", "aum": 3800000000, "region": "Europe", "country": "Belgium", "founding_family": "de Spoelberch Family (AB InBev)", "city": "Brussels"},
    {"rank": 63, "name": "Declaration Capital", "aum": 3600000000, "region": "North America", "country": "USA", "founding_family": "David Rubenstein (Carlyle)", "city": "Washington, DC"},
    {"rank": 64, "name": "Oikos Holdings", "aum": 3400000000, "region": "North America", "country": "USA", "founding_family": "Undisclosed", "city": "Boston, MA"},
    {"rank": 65, "name": "AMB Capital Partners", "aum": 3200000000, "region": "Australia and Pacific", "country": "Australia", "founding_family": "Undisclosed", "city": "Melbourne"},
    {"rank": 66, "name": "1888 Management", "aum": 3000000000, "region": "North America", "country": "USA", "founding_family": "Undisclosed", "city": "San Francisco, CA"},
    {"rank": 67, "name": "Demira Gate Partners", "aum": 2800000000, "region": "North America", "country": "USA", "founding_family": "Undisclosed", "city": "New York, NY"},
    {"rank": 68, "name": "Gurnet Point Capital", "aum": 2600000000, "region": "North America", "country": "USA", "founding_family": "Undisclosed", "city": "Boston, MA"},
    {"rank": 69, "name": "Parkwood", "aum": 2400000000, "region": "North America", "country": "USA", "founding_family": "Beyoncé Knowles-Carter", "city": "Los Angeles, CA"},
    {"rank": 70, "name": "Summer Hill Capital Partners", "aum": 2200000000, "region": "North America", "country": "USA", "founding_family": "Undisclosed", "city": "Greenwich, CT"},
    {"rank": 71, "name": "Lind Invest", "aum": 2000000000, "region": "Europe", "country": "Denmark", "founding_family": "Lind Family", "city": "Copenhagen"},
    {"rank": 72, "name": "THI Investments", "aum": 1900000000, "region": "Europe", "country": "Germany", "founding_family": "Undisclosed", "city": "Munich"},
    {"rank": 73, "name": "Chinquapin Trust Company", "aum": 1800000000, "region": "North America", "country": "USA", "founding_family": "Undisclosed", "city": "Houston, TX"},
    {"rank": 74, "name": "Duchy of Cornwall", "aum": 1700000000, "region": "Europe", "country": "UK", "founding_family": "British Royal Family", "city": "London"},
    {"rank": 75, "name": "Kirk Kapital", "aum": 1600000000, "region": "Europe", "country": "Denmark", "founding_family": "Kirk Family", "city": "Herning"},
    {"rank": 76, "name": "Virgin Management", "aum": 1500000000, "region": "Europe", "country": "UK", "founding_family": "Richard Branson", "city": "London"},
    {"rank": 77, "name": "Okabena Company", "aum": 1400000000, "region": "North America", "country": "USA", "founding_family": "Dayton Family (Target)", "city": "Minneapolis, MN"},
    {"rank": 78, "name": "HB Capital", "aum": 1300000000, "region": "Europe", "country": "Netherlands", "founding_family": "Undisclosed", "city": "Amsterdam"},
    {"rank": 79, "name": "Wah Hin and Company", "aum": 1200000000, "region": "Asia", "country": "Singapore", "founding_family": "Undisclosed", "city": "Singapore"},
    {"rank": 80, "name": "Florac", "aum": 1100000000, "region": "Europe", "country": "France", "founding_family": "Undisclosed", "city": "Paris"},
    {"rank": 81, "name": "Mt. Vernon Investments", "aum": 1050000000, "region": "North America", "country": "USA", "founding_family": "Undisclosed", "city": "Atlanta, GA"},
    {"rank": 82, "name": "Yamauchi No. 10 Family Office", "aum": 1000000000, "region": "Asia", "country": "Japan", "founding_family": "Yamauchi Family (Nintendo)", "city": "Kyoto"},
    {"rank": 83, "name": "IPGL Holdings", "aum": 950000000, "region": "Europe", "country": "UK", "founding_family": "Michael Spencer", "city": "London"},
    {"rank": 84, "name": "Cathexis Investment Management", "aum": 900000000, "region": "North America", "country": "USA", "founding_family": "Undisclosed", "city": "Dallas, TX"},
    {"rank": 85, "name": "Sawdust Investment Management Corporation", "aum": 850000000, "region": "North America", "country": "USA", "founding_family": "Undisclosed", "city": "Portland, OR"},
    {"rank": 86, "name": "Toba Capital", "aum": 800000000, "region": "North America", "country": "USA", "founding_family": "Undisclosed", "city": "Palo Alto, CA"},
    {"rank": 87, "name": "Hennick & Company", "aum": 750000000, "region": "North America", "country": "Canada", "founding_family": "Hennick Family", "city": "Toronto"},
    {"rank": 88, "name": "Baltisse NV", "aum": 700000000, "region": "Europe", "country": "Belgium", "founding_family": "Undisclosed", "city": "Antwerp"},
    {"rank": 89, "name": "RWN Management", "aum": 650000000, "region": "North America", "country": "USA", "founding_family": "Undisclosed", "city": "Chicago, IL"},
    {"rank": 90, "name": "Otium Capital", "aum": 600000000, "region": "Europe", "country": "France", "founding_family": "Pierre-Edouard Stérin", "city": "Paris"},
    {"rank": 91, "name": "Duchy of Lancaster", "aum": 580000000, "region": "Europe", "country": "UK", "founding_family": "British Royal Family", "city": "London"},
    {"rank": 92, "name": "Catamaran Ventures", "aum": 560000000, "region": "Asia", "country": "India", "founding_family": "N. R. Narayana Murthy (Infosys)", "city": "Bangalore"},
    {"rank": 93, "name": "Huntsman Family Investments", "aum": 540000000, "region": "North America", "country": "USA", "founding_family": "Huntsman Family", "city": "Salt Lake City, UT"},
    {"rank": 94, "name": "Cargill-MacMillan Family Office", "aum": 520000000, "region": "North America", "country": "USA", "founding_family": "Cargill-MacMillan Family", "city": "Minneapolis, MN"},
    {"rank": 95, "name": "Saban Capital Group", "aum": 500000000, "region": "North America", "country": "USA", "founding_family": "Haim Saban", "city": "Los Angeles, CA"},
    {"rank": 96, "name": "Iconiq Capital", "aum": 480000000, "region": "North America", "country": "USA", "founding_family": "Multiple Tech Founders", "city": "San Francisco, CA"},
    {"rank": 97, "name": "Westly Group", "aum": 460000000, "region": "North America", "country": "USA", "founding_family": "Steve Westly", "city": "Menlo Park, CA"},
    {"rank": 98, "name": "Sherpa Capital", "aum": 440000000, "region": "North America", "country": "USA", "founding_family": "Shervin Pishevar", "city": "San Francisco, CA"},
    {"rank": 99, "name": "Greycroft", "aum": 420000000, "region": "North America", "country": "USA", "founding_family": "Alan Patricof", "city": "New York, NY"},
    {"rank": 100, "name": "Revolution", "aum": 400000000, "region": "North America", "country": "USA", "founding_family": "Steve Case (AOL)", "city": "Washington, DC"}
  ]
}
